Заголовок,Зарплата,Город,Дата,Ссылка
Python разработчик,Зарплата не указана,"Москва,Тульская",26 апреля,https://kumertau.hh.ru/vacancy/36749189?query=python%20developer
Middle Python developer,Зарплата не указана,Санкт-Петербург,26 апреля,https://kumertau.hh.ru/vacancy/36699926?query=python%20developer
Программист Python/Wolfram Mathematica,Зарплата не указана,"Москва,Проспект Вернадскогои еще 2",26 апреля,https://kumertau.hh.ru/vacancy/36686761?query=python%20developer
Junior Developer,Зарплата не указана,Иваново (Ивановская область),26 апреля,https://kumertau.hh.ru/vacancy/36682133?query=python%20developer
Python разработчик,Зарплата не указана,"Екатеринбург,Геологическая",26 апреля,https://kumertau.hh.ru/vacancy/36686501?query=python%20developer
"Python Backend Developer (Germany, the Netherlands)",4 200-6 250 EUR,Москва,25 апреля,https://kumertau.hh.ru/vacancy/36414126?query=python%20developer
Программист Python,160 000-200 000 руб.,"Москва,Румянцево",25 апреля,https://kumertau.hh.ru/vacancy/36680277?query=python%20developer
Разработчик Python 2.7 (3.Х),Зарплата не указана,"Москва,Петровско-Разумовскаяи еще 3",26 апреля,https://kumertau.hh.ru/vacancy/36421719?query=python%20developer
Data Scientist,от 180 000 руб.,"Санкт-Петербург,Пушкинская",26 апреля,https://kumertau.hh.ru/vacancy/36702658?query=python%20developer
Senior C++/Python Developer (Yellow Team),от 190 000 руб.,"Санкт-Петербург,Московские ворота",25 апреля,https://kumertau.hh.ru/vacancy/36715026?query=python%20developer
Python developer,150 000-200 000 руб.,"Санкт-Петербург,Петроградская",25 апреля,https://kumertau.hh.ru/vacancy/36267290?query=python%20developer
QA Automation Engineer (Python),от 3 000 USD,"Москва,Комсомольскаяи еще 1",25 апреля,https://kumertau.hh.ru/vacancy/35419959?query=python%20developer
Go разработчик,от 200 000 руб.,Москва,26 апреля,https://kumertau.hh.ru/vacancy/36693050?query=python%20developer
Python Developer/Разработчик Python,90 000-100 000 руб.,"Санкт-Петербург,Площадь Ленина",25 апреля,https://kumertau.hh.ru/vacancy/36640039?query=python%20developer
Python developer,170 000-230 000 руб.,"Москва,Автозаводская",25 апреля,https://kumertau.hh.ru/vacancy/36619253?query=python%20developer
Senior Python-разработчик/Team Lead/Full stack разработчик,от 200 000 руб.,"Москва,Тверскаяи еще 2",26 апреля,https://kumertau.hh.ru/vacancy/36769512?query=python%20developer
Backend Python разработчик,120 000-150 000 руб.,"Санкт-Петербург,Лесная",25 апреля,https://kumertau.hh.ru/vacancy/36563904?query=python%20developer
Python developer,150 000-200 000 руб.,"Москва,Деловой центри еще 2",25 апреля,https://kumertau.hh.ru/vacancy/36267171?query=python%20developer
Стажер-разработчик Python,Зарплата не указана,Ярославль,25 апреля,https://kumertau.hh.ru/vacancy/36271331?query=python%20developer
"Back-end Developer (Python, Django)",от 100 000 руб.,Москва,25 апреля,https://kumertau.hh.ru/vacancy/35493930?query=python%20developer
Senior Python Developer (to Riga),Зарплата не указана,Москва,25 апреля,https://kumertau.hh.ru/vacancy/36242559?query=python%20developer
Frontend-разработчик,150 000-200 000 руб.,"Москва,Деловой центр",26 апреля,https://kumertau.hh.ru/vacancy/36703030?query=python%20developer
Python Developer (Ginger Team),Зарплата не указана,"Санкт-Петербург,Московские ворота",25 апреля,https://kumertau.hh.ru/vacancy/36184251?query=python%20developer
Backend python/Django разработчик,120 000-200 000 руб.,"Москва,Бауманская",25 апреля,https://kumertau.hh.ru/vacancy/36622564?query=python%20developer
Программист Python (Junior),Зарплата не указана,Волгоград,25 апреля,https://kumertau.hh.ru/vacancy/34409863?query=python%20developer
Web-разработчик на Python,от 140 000 руб.,"Москва,Марьина Рощаи еще 1",25 апреля,https://kumertau.hh.ru/vacancy/36497371?query=python%20developer
Python/Go Developer,Зарплата не указана,"Москва,Кутузовская",25 апреля,https://kumertau.hh.ru/vacancy/34567979?query=python%20developer
Full stack developer (Python / Django / Vue),от 1 500 EUR,Москва,25 апреля,https://kumertau.hh.ru/vacancy/36553510?query=python%20developer
Разработчик Python,Зарплата не указана,"Москва,Кутузовская",25 апреля,https://kumertau.hh.ru/vacancy/35013498?query=python%20developer
Python Developer/Team-lead,120 000-200 000 руб.,Москва,25 апреля,https://kumertau.hh.ru/vacancy/36456453?query=python%20developer
Angular developer (Berlin),4 200-5 800 EUR,Санкт-Петербург,25 апреля,https://kumertau.hh.ru/vacancy/36413315?query=python%20developer
Программист Python,Зарплата не указана,Москва,25 апреля,https://kumertau.hh.ru/vacancy/36586257?query=python%20developer
Python разработчик,100 000-150 000 руб.,Москва,25 апреля,https://kumertau.hh.ru/vacancy/35620095?query=python%20developer
Full Stack developer Django / React,от 120 000 руб.,Москва,25 апреля,https://kumertau.hh.ru/vacancy/36458591?query=python%20developer
Python/Django разработчик,от 50 000 руб.,"Москва,Калужская",25 апреля,https://kumertau.hh.ru/vacancy/36386182?query=python%20developer
Full-Stack Web-Developer (Python / Odoo),100 000-200 000 руб.,"Москва,Павелецкая",25 апреля,https://kumertau.hh.ru/vacancy/34649894?query=python%20developer
Программист C/С++ (Linux),от 100 000 руб.,Москва,26 апреля,https://kumertau.hh.ru/vacancy/36424427?query=python%20developer
Python developer (Middle / Senior),Зарплата не указана,Санкт-Петербург,25 апреля,https://kumertau.hh.ru/vacancy/36633468?query=python%20developer
Программист Python,170 000-250 000 руб.,Москва,24 апреля,https://kumertau.hh.ru/vacancy/36615032?query=python%20developer
Software Engineer (С++/CMake),от 4 000 USD,"Москва,Комсомольскаяи еще 1",25 апреля,https://kumertau.hh.ru/vacancy/29056936?query=python%20developer
Backend Go Developer (Blue Team),от 200 000 руб.,"Санкт-Петербург,Московские ворота",25 апреля,https://kumertau.hh.ru/vacancy/35846701?query=python%20developer
Программист-разработчик,180 000-200 000 руб.,"Москва,Марксистскаяи еще 2",25 апреля,https://kumertau.hh.ru/vacancy/36625070?query=python%20developer
Quant/Software Developer in hedge fund,200 000-300 000 руб.,Москва,25 апреля,https://kumertau.hh.ru/vacancy/36563929?query=python%20developer
"Junior Full-stack web-developer (Python, Vue)",Зарплата не указана,Ярославль,25 апреля,https://kumertau.hh.ru/vacancy/35184848?query=python%20developer
Программист Python (разговорный английский),100 000-150 000 руб.,"Екатеринбург,Динамо",25 апреля,https://kumertau.hh.ru/vacancy/36541983?query=python%20developer
Программист Python (разговорный английский),100 000-150 000 руб.,Челябинск,25 апреля,https://kumertau.hh.ru/vacancy/36541868?query=python%20developer
Back-End Developer,от 2 000 EUR,Москва,24 апреля,https://kumertau.hh.ru/vacancy/36357866?query=python%20developer
Python middle developer,120 000-160 000 руб.,Москва,24 апреля,https://kumertau.hh.ru/vacancy/36449432?query=python%20developer
Ведущий Python разработчик,160 000-245 000 руб.,Новосибирск,25 апреля,https://kumertau.hh.ru/vacancy/33709965?query=python%20developer
Python-разработчик,от 100 000 руб.,Санкт-Петербург,24 апреля,https://kumertau.hh.ru/vacancy/36445936?query=python%20developer
C++ Senior Software Developer,от 250 000 руб.,Москва,25 апреля,https://kumertau.hh.ru/vacancy/36411300?query=python%20developer
Senior Machine Learning Engineer,270 000-450 000 руб.,"Санкт-Петербург,Сенная площадьи еще 2",24 апреля,https://kumertau.hh.ru/vacancy/36449026?query=python%20developer
Senior Python developer,от 4 000 USD,"Москва,Комсомольскаяи еще 1",24 апреля,https://kumertau.hh.ru/vacancy/30005963?query=python%20developer
"Разработчик на Python (Senior), Москва",до 300 000 руб.,Москва,26 апреля,https://kumertau.hh.ru/vacancy/36532399?query=python%20developer
Python-разработчик,от 100 000 руб.,Москва,24 апреля,https://kumertau.hh.ru/vacancy/36445891?query=python%20developer
Senior Python developer,от 2 500 USD,Новосибирск,24 апреля,https://kumertau.hh.ru/vacancy/36435018?query=python%20developer
Разработчик Python,до 80 000 руб.,Москва,25 апреля,https://kumertau.hh.ru/vacancy/36580148?query=python%20developer
Python-разработчик,от 100 000 руб.,Новосибирск,24 апреля,https://kumertau.hh.ru/vacancy/36445975?query=python%20developer
Программист C++/Python,от 110 000 руб.,Москва,24 апреля,https://kumertau.hh.ru/vacancy/35909189?query=python%20developer
Python-разработчик,от 100 000 руб.,Екатеринбург,24 апреля,https://kumertau.hh.ru/vacancy/36446006?query=python%20developer
Senior Python разработчик,150 000-200 000 руб.,Санкт-Петербург,25 апреля,https://kumertau.hh.ru/vacancy/36160021?query=python%20developer
Senior Python Developer / Ведущий Python-разработчик,от 150 000 руб.,Нижний Новгород,24 апреля,https://kumertau.hh.ru/vacancy/36444269?query=python%20developer
Стажер – разработчик,Зарплата не указана,Новосибирск,25 апреля,https://kumertau.hh.ru/vacancy/34290624?query=python%20developer
Frontend/UI Developer,Зарплата не указана,Санкт-Петербург,25 апреля,https://kumertau.hh.ru/vacancy/36679870?query=python%20developer
Junior PHP Developer,от 1 000 EUR,Москва,24 апреля,https://kumertau.hh.ru/vacancy/35355643?query=python%20developer
Backend Developer,40 000-75 000 руб.,Тюмень,26 апреля,https://kumertau.hh.ru/vacancy/35990082?query=python%20developer
Python-разработчик,от 100 000 руб.,Томск,24 апреля,https://kumertau.hh.ru/vacancy/36445967?query=python%20developer
Python-разработчик,от 100 000 руб.,Ульяновск,24 апреля,https://kumertau.hh.ru/vacancy/36445955?query=python%20developer
Системный программист Python/Rust,Зарплата не указана,Москва,25 апреля,https://kumertau.hh.ru/vacancy/36737924?query=python%20developer
Программист Python,Зарплата не указана,Екатеринбург,24 апреля,https://kumertau.hh.ru/vacancy/36670032?query=python%20developer
Senior Python Developer / Ведущий Python-разработчик,от 150 000 руб.,Санкт-Петербург,24 апреля,https://kumertau.hh.ru/vacancy/36444271?query=python%20developer
Разработчик Python Backend,от 150 000 руб.,"Москва,Площадь Революциии еще 3",25 апреля,https://kumertau.hh.ru/vacancy/36407277?query=python%20developer
Программист-разработчик,от 80 000 руб.,Санкт-Петербург,25 апреля,https://kumertau.hh.ru/vacancy/36461188?query=python%20developer
Android senior developer,170 000-350 000 руб.,Москва,26 апреля,https://kumertau.hh.ru/vacancy/35531970?query=python%20developer
Разработчик на PYTHON,200 000-350 000 руб.,"Москва,Серпуховскаяи еще 1",24 апреля,https://kumertau.hh.ru/vacancy/35768680?query=python%20developer
C/Go Developer,Зарплата не указана,Москва,25 апреля,https://kumertau.hh.ru/vacancy/36458238?query=python%20developer
Senior Python Developer / Ведущий Python-разработчик,от 200 000 руб.,Москва,24 апреля,https://kumertau.hh.ru/vacancy/36444270?query=python%20developer
Junior / Middle iOS Developer,до 140 000 руб.,Москва,25 апреля,https://kumertau.hh.ru/vacancy/36307775?query=python%20developer
Web Developer (Python),Зарплата не указана,"Санкт-Петербург,Василеостровская",24 апреля,https://kumertau.hh.ru/vacancy/35441271?query=python%20developer
PYTHON Разработчик,от 150 000 руб.,"Москва,Славянский бульвар",24 апреля,https://kumertau.hh.ru/vacancy/36657404?query=python%20developer
Python senior developer,180 000-250 000 руб.,Москва,24 апреля,https://kumertau.hh.ru/vacancy/35846205?query=python%20developer
Backend Developer (Python),Зарплата не указана,Санкт-Петербург,24 апреля,https://kumertau.hh.ru/vacancy/36556571?query=python%20developer
Data Analyst (ML&DL + Python),30 000-120 000 руб.,Новосибирск,24 апреля,https://kumertau.hh.ru/vacancy/36766352?query=python%20developer
Python developer,Зарплата не указана,Екатеринбург,24 апреля,https://kumertau.hh.ru/vacancy/36763099?query=python%20developer
Ведущий программист Python,160 000-245 000 руб.,Ярославль,25 апреля,https://kumertau.hh.ru/vacancy/33757717?query=python%20developer
Python Developer,от 140 000 руб.,Санкт-Петербург,23 апреля,https://kumertau.hh.ru/vacancy/36709357?query=python%20developer
Web-разработчик Full stack,150 000-200 000 руб.,Москва,25 апреля,https://kumertau.hh.ru/vacancy/36631579?query=python%20developer
Backend-разработчик,от 90 000 руб.,"Москва,Павелецкаяи еще 2",25 апреля,https://kumertau.hh.ru/vacancy/35629745?query=python%20developer
"Преподаватель SQL, Java, Big Data",от 200 000 руб.,"Москва,Алтуфьево",25 апреля,https://kumertau.hh.ru/vacancy/36767801?query=python%20developer
Team lead Python developer,180 000-250 000 руб.,Москва,24 апреля,https://kumertau.hh.ru/vacancy/35846186?query=python%20developer
Python developer,Зарплата не указана,Нижний Новгород,24 апреля,https://kumertau.hh.ru/vacancy/36763075?query=python%20developer
Computer Vision Developer,Зарплата не указана,"Москва,Павелецкая",25 апреля,https://kumertau.hh.ru/vacancy/36769193?query=python%20developer
Data Scientist / Machine Learning Engineer,Зарплата не указана,Москва,25 апреля,https://kumertau.hh.ru/vacancy/36719518?query=python%20developer
PHP Developer,от 100 000 руб.,Москва,25 апреля,https://kumertau.hh.ru/vacancy/36407776?query=python%20developer
Rust Developer,от 2 000 EUR,Москва,24 апреля,https://kumertau.hh.ru/vacancy/36357908?query=python%20developer
Программист Python,Зарплата не указана,Санкт-Петербург,24 апреля,https://kumertau.hh.ru/vacancy/36559760?query=python%20developer
Python разработчик,от 200 000 руб.,"Москва,Кутузовскаяи еще 2",23 апреля,https://kumertau.hh.ru/vacancy/36755906?query=python%20developer
Senior Python Разработчик,Зарплата не указана,Москва,25 апреля,https://kumertau.hh.ru/vacancy/36733552?query=python%20developer
Python developer,Зарплата не указана,Новосибирск,24 апреля,https://kumertau.hh.ru/vacancy/36763084?query=python%20developer
С# Developer (+Python),Зарплата не указана,Москва,24 апреля,https://kumertau.hh.ru/vacancy/36764975?query=python%20developer
Scala Developer (Java / C++ / С# / Python),Зарплата не указана,Воронеж,25 апреля,https://kumertau.hh.ru/vacancy/36373556?query=python%20developer
Scala Developer (Java / C++ / С# / Python),Зарплата не указана,Казань,25 апреля,https://kumertau.hh.ru/vacancy/36373520?query=python%20developer
Python/GO developer,Зарплата не указана,"Самара,Алабинская",24 апреля,https://kumertau.hh.ru/vacancy/36765438?query=python%20developer
Back-end разработчик Python / Go,150 000-200 000 руб.,Москва,24 апреля,https://kumertau.hh.ru/vacancy/36663756?query=python%20developer
Junior Python Developer,от 30 000 руб.,Екатеринбург,24 апреля,https://kumertau.hh.ru/vacancy/35314037?query=python%20developer
Kernel Developer for KernelCare,Зарплата не указана,Санкт-Петербург,25 апреля,https://kumertau.hh.ru/vacancy/36741202?query=python%20developer
Senior Python Developer,Зарплата не указана,"Москва,Кутузовская",24 апреля,https://kumertau.hh.ru/vacancy/35469057?query=python%20developer
Python разработчик,Зарплата не указана,Москва,24 апреля,https://kumertau.hh.ru/vacancy/36763341?query=python%20developer
Разработчик Python (Junior),до 70 000 руб.,Краснодар,24 апреля,https://kumertau.hh.ru/vacancy/36424538?query=python%20developer
Backend Developer (python/go),от 160 000 руб.,Москва,23 апреля,https://kumertau.hh.ru/vacancy/36714461?query=python%20developer
Программист Javascript (React) + Python,от 60 000 руб.,Москва,24 апреля,https://kumertau.hh.ru/vacancy/36572530?query=python%20developer
Программист Python,Зарплата не указана,"Москва,Динамо",24 апреля,https://kumertau.hh.ru/vacancy/35870480?query=python%20developer
NLP engineer / Data scientist NLP,100 000-250 000 руб.,"Москва,Маяковская",24 апреля,https://kumertau.hh.ru/vacancy/36725244?query=python%20developer
Machine Learning Engineer,3 000-6 000 USD,Санкт-Петербург,24 апреля,https://kumertau.hh.ru/vacancy/36764479?query=python%20developer
Python Developer,от 150 000 руб.,Москва,23 апреля,https://kumertau.hh.ru/vacancy/36647571?query=python%20developer
Специалист Computer Vision (Data Scientist),120 000-200 000 руб.,Санкт-Петербург,24 апреля,https://kumertau.hh.ru/vacancy/36663969?query=python%20developer
Python Developer (Automotive Grade ECUs Team),Зарплата не указана,Санкт-Петербург,24 апреля,https://kumertau.hh.ru/vacancy/36766958?query=python%20developer
Junior/Middle Data Sceintist,Зарплата не указана,Москва,24 апреля,https://kumertau.hh.ru/vacancy/36715819?query=python%20developer
Junior программист JavaScript,55 000-70 000 руб.,"Москва,Динамо",25 апреля,https://kumertau.hh.ru/vacancy/34503626?query=python%20developer
Программист Python,Зарплата не указана,"Нижний Новгород,Горьковская",24 апреля,https://kumertau.hh.ru/vacancy/35924292?query=python%20developer
Python Developer,Зарплата не указана,Санкт-Петербург,23 апреля,https://kumertau.hh.ru/vacancy/36752074?query=python%20developer
Frontend developer,Зарплата не указана,Москва,24 апреля,https://kumertau.hh.ru/vacancy/36526525?query=python%20developer
Senior Python Developer,Зарплата не указана,"Санкт-Петербург,Чернышевская",24 апреля,https://kumertau.hh.ru/vacancy/35684097?query=python%20developer
PHP Developer,от 1 500 EUR,Москва,24 апреля,https://kumertau.hh.ru/vacancy/31776172?query=python%20developer
Go-developer/ Senior Go-developer (Data Path Management System),Зарплата не указана,Санкт-Петербург,25 апреля,https://kumertau.hh.ru/vacancy/35928513?query=python%20developer
Full Stack developer,от 70 000 руб.,Москва,25 апреля,https://kumertau.hh.ru/vacancy/35015374?query=python%20developer
"Fullstack Web Developer (Vue, Python)",70 000-100 000 руб.,Москва,24 апреля,https://kumertau.hh.ru/vacancy/36725871?query=python%20developer
"FullStack Developer (Python, JS)",Зарплата не указана,"Москва,Кутузовская",24 апреля,https://kumertau.hh.ru/vacancy/36656864?query=python%20developer
Разработчик Python,Зарплата не указана,Москва,24 апреля,https://kumertau.hh.ru/vacancy/36587185?query=python%20developer
Junior Software Engineer/ Build Engineer,Зарплата не указана,"Санкт-Петербург,Адмиралтейская",25 апреля,https://kumertau.hh.ru/vacancy/35646349?query=python%20developer
Web-разработчик (Junior web-developer),Зарплата не указана,Таганрог,24 апреля,https://kumertau.hh.ru/vacancy/36763734?query=python%20developer
Разработчик Python / Django,150 000-250 000 руб.,"Москва,Деловой центр",23 апреля,https://kumertau.hh.ru/vacancy/36519460?query=python%20developer
"Backend-разработчик (Python, Django)",40 000-80 000 руб.,Петрозаводск,24 апреля,https://kumertau.hh.ru/vacancy/34862293?query=python%20developer
Python разработчик,Зарплата не указана,Москва,24 апреля,https://kumertau.hh.ru/vacancy/33864637?query=python%20developer
Python/Go Developer,до 218 500 руб.,Калуга,24 апреля,https://kumertau.hh.ru/vacancy/35642131?query=python%20developer
Программист C# / Python,Зарплата не указана,Астрахань,25 апреля,https://kumertau.hh.ru/vacancy/35997737?query=python%20developer
Middle Front-End разработчик / Web-разработчик,Зарплата не указана,Севастополь,25 апреля,https://kumertau.hh.ru/vacancy/36640935?query=python%20developer
Python (Django) developer,до 180 000 руб.,Москва,23 апреля,https://kumertau.hh.ru/vacancy/36756683?query=python%20developer
Python разработчик - QA & automation,80 000-110 000 руб.,Красноярск,24 апреля,https://kumertau.hh.ru/vacancy/36528442?query=python%20developer
Разработчик Python,Зарплата не указана,"Москва,Александровский сади еще 2",24 апреля,https://kumertau.hh.ru/vacancy/35957577?query=python%20developer
Senior iOS Developer,250 000-300 000 руб.,"Москва,Автозаводская",25 апреля,https://kumertau.hh.ru/vacancy/36544967?query=python%20developer
Middle Разработчик Python (BackEnd),от 60 000 руб.,Санкт-Петербург,24 апреля,https://kumertau.hh.ru/vacancy/36763786?query=python%20developer
Разработчик Python,Зарплата не указана,"Москва,Менделеевскаяи еще 2",23 апреля,https://kumertau.hh.ru/vacancy/36711877?query=python%20developer
Специалист по машинному обучению ( Data scientist ),Зарплата не указана,"Москва,Нагатинская",24 апреля,https://kumertau.hh.ru/vacancy/36763596?query=python%20developer
